"","X","model","prime_type","prop_passive","se_passive","n","train","reanalysis","sd","giveup"
"1",1,"ep","amv",0.0103920642418517,0.00127231042155557,6354,"train0.0","start","sduniform-0.2-0.5","giveup100"
"2",2,"ep","urc",0.10447028000655,0.00383749953466821,6354,"train0.0","start","sduniform-0.2-0.5","giveup100"
"3",3,"ep","prog_rrc",0.119410239792612,0.0040683581761206,6354,"train0.0","start","sduniform-0.2-0.5","giveup100"
"4",4,"ep","rrc",0.281220360417325,0.00564068681374237,6354,"train0.0","start","sduniform-0.2-0.5","giveup100"
"5",5,"wd","amv",0.00360866078588613,0.000848268645522755,4998,"train0.0","start","sduniform-0.2-0.5","giveup100"
"6",6,"wd","urc",0.061493411420205,0.00339844506396905,4998,"train0.0","start","sduniform-0.2-0.5","giveup100"
"7",7,"wd","prog_rrc",0.198320016390084,0.00564066310643024,4998,"train0.0","start","sduniform-0.2-0.5","giveup100"
"8",8,"wd","rrc",0.311347233360064,0.00655040369789442,4998,"train0.0","start","sduniform-0.2-0.5","giveup100"
"9",9,"wd2","amv",0.00255102040816327,0.000735085786315805,4710,"train0.0","start","sduniform-0.2-0.5","giveup100"
"10",10,"wd2","urc",0.0624860522204865,0.00352710528708795,4710,"train0.0","start","sduniform-0.2-0.5","giveup100"
"11",11,"wd2","prog_rrc",0.203732162458836,0.00586943920412863,4710,"train0.0","start","sduniform-0.2-0.5","giveup100"
"12",12,"wd2","rrc",0.316393791197108,0.00677723740133477,4710,"train0.0","start","sduniform-0.2-0.5","giveup100"
"13",13,"ep","amv",0.0115052732502397,0.00134819455793085,6258,"train0.0","start","sduniform-0.2-0.5","giveup1000"
"14",14,"ep","urc",0.112655800575264,0.00399705163778392,6258,"train0.0","start","sduniform-0.2-0.5","giveup1000"
"15",15,"ep","prog_rrc",0.0998721636305529,0.00379045415249476,6258,"train0.0","start","sduniform-0.2-0.5","giveup1000"
"16",16,"ep","rrc",0.232981783317354,0.00534417590200201,6258,"train0.0","start","sduniform-0.2-0.5","giveup1000"
"17",17,"wd","amv",0.00367647058823529,0.000865046380548658,4896,"train0.0","start","sduniform-0.2-0.5","giveup1000"
"18",18,"wd","urc",0.0657679738562092,0.00354289481516304,4896,"train0.0","start","sduniform-0.2-0.5","giveup1000"
"19",19,"wd","prog_rrc",0.16891339869281,0.00535523881112491,4896,"train0.0","start","sduniform-0.2-0.5","giveup1000"
"20",20,"wd","rrc",0.253676470588235,0.00621909673668545,4896,"train0.0","start","sduniform-0.2-0.5","giveup1000"
"21",21,"wd2","amv",0.00513163766175814,0.00106739049227163,4482,"train0.0","start","sduniform-0.2-0.5","giveup1000"
"22",22,"wd2","urc",0.0537706381079875,0.00336963866892019,4482,"train0.0","start","sduniform-0.2-0.5","giveup1000"
"23",23,"wd2","prog_rrc",0.178937974118697,0.00572600561186648,4482,"train0.0","start","sduniform-0.2-0.5","giveup1000"
"24",24,"wd2","rrc",0.261044176706827,0.00656113193328637,4482,"train0.0","start","sduniform-0.2-0.5","giveup1000"
"25",25,"ep","amv",0.0907785119218615,0.00344243566637283,6966,"train0.0","start","sdnormal-0.35-1.0","giveup100"
"26",26,"ep","urc",0.215389142268648,0.00492582836298571,6966,"train0.0","start","sdnormal-0.35-1.0","giveup100"
"27",27,"ep","prog_rrc",0.205623901581722,0.004842726603585,6966,"train0.0","start","sdnormal-0.35-1.0","giveup100"
"28",28,"ep","rrc",0.333620937589876,0.00564971856273333,6966,"train0.0","start","sdnormal-0.35-1.0","giveup100"
"29",29,"wd","amv",0.0261054874800213,0.00212447687436453,5634,"train0.0","start","sdnormal-0.35-1.0","giveup100"
"30",30,"wd","urc",0.100182481751825,0.00400040832792275,5634,"train0.0","start","sdnormal-0.35-1.0","giveup100"
"31",31,"wd","prog_rrc",0.179823772702751,0.00511690991893405,5634,"train0.0","start","sdnormal-0.35-1.0","giveup100"
"32",32,"wd","rrc",0.254758939690447,0.00580554930032933,5634,"train0.0","start","sdnormal-0.35-1.0","giveup100"
"33",33,"wd2","amv",0.0116004296455424,0.00156842526606322,4662,"train0.0","start","sdnormal-0.35-1.0","giveup100"
"34",34,"wd2","urc",0.0661340434975588,0.00364012981374119,4662,"train0.0","start","sdnormal-0.35-1.0","giveup100"
"35",35,"wd2","prog_rrc",0.163608562691131,0.00541837560197455,4662,"train0.0","start","sdnormal-0.35-1.0","giveup100"
"36",36,"wd2","rrc",0.223514211886305,0.00610210892908926,4662,"train0.0","start","sdnormal-0.35-1.0","giveup100"
"37",37,"ep","amv",0.0850785340314136,0.00336484881904842,6876,"train0.0","start","sdnormal-0.35-1.0","giveup1000"
"38",38,"ep","urc",0.189539627039627,0.00472693474977124,6876,"train0.0","start","sdnormal-0.35-1.0","giveup1000"
"39",39,"ep","prog_rrc",0.18057375855541,0.00463923041398833,6876,"train0.0","start","sdnormal-0.35-1.0","giveup1000"
"40",40,"ep","rrc",0.283304246655032,0.00543447514210401,6876,"train0.0","start","sdnormal-0.35-1.0","giveup1000"
"41",41,"wd","amv",0.0230439442658092,0.00200557205306792,5598,"train0.0","start","sdnormal-0.35-1.0","giveup1000"
"42",42,"wd","urc",0.0848549946294307,0.00372482687341717,5598,"train0.0","start","sdnormal-0.35-1.0","giveup1000"
"43",43,"wd","prog_rrc",0.153199856989632,0.00481439828376209,5598,"train0.0","start","sdnormal-0.35-1.0","giveup1000"
"44",44,"wd","rrc",0.212754555198285,0.00547037197333517,5598,"train0.0","start","sdnormal-0.35-1.0","giveup1000"
"45",45,"wd2","amv",0.0133898683329614,0.00171701258190093,4482,"train0.0","start","sdnormal-0.35-1.0","giveup1000"
"46",46,"wd2","urc",0.0633251286641307,0.00363827183230774,4482,"train0.0","start","sdnormal-0.35-1.0","giveup1000"
"47",47,"wd2","prog_rrc",0.139888268156425,0.00518180047338862,4482,"train0.0","start","sdnormal-0.35-1.0","giveup1000"
"48",48,"wd2","rrc",0.196787148594378,0.00593917632214353,4482,"train0.0","start","sdnormal-0.35-1.0","giveup1000"
"49",49,"ep","amv",0.00146455770357352,0.000654586194877347,3414,"train0.1","start","sduniform-0.2-0.5","giveup100"
"50",50,"ep","urc",0.0393607576205978,0.00332846811762765,3414,"train0.1","start","sduniform-0.2-0.5","giveup100"
"51",51,"ep","prog_rrc",0.0580778301886792,0.00400354734979656,3414,"train0.1","start","sduniform-0.2-0.5","giveup100"
"52",52,"ep","rrc",0.16583504549457,0.00636643213177529,3414,"train0.1","start","sduniform-0.2-0.5","giveup100"
"53",53,"wd","amv",0.000980392156862745,0.000565844607933483,3060,"train0.1","start","sduniform-0.2-0.5","giveup100"
"54",54,"wd","urc",0.0360568971220642,0.00337078463686885,3060,"train0.1","start","sduniform-0.2-0.5","giveup100"
"55",55,"wd","prog_rrc",0.120695309937684,0.00589013718058379,3060,"train0.1","start","sduniform-0.2-0.5","giveup100"
"56",56,"wd","rrc",0.177567037279268,0.0069094222843951,3060,"train0.1","start","sduniform-0.2-0.5","giveup100"
"57",57,"wd2","amv",0.00105932203389831,0.000611383786573473,2832,"train0.1","start","sduniform-0.2-0.5","giveup100"
"58",58,"wd2","urc",0.0350626118067979,0.00345702706439871,2832,"train0.1","start","sduniform-0.2-0.5","giveup100"
"59",59,"wd2","prog_rrc",0.126241134751773,0.00624204124699968,2832,"train0.1","start","sduniform-0.2-0.5","giveup100"
"60",60,"wd2","rrc",0.191166077738516,0.00739035350943992,2832,"train0.1","start","sduniform-0.2-0.5","giveup100"
"61",61,"ep","amv",0.00115340253748558,0.000576451704532587,3468,"train0.1","start","sduniform-0.2-0.5","giveup1000"
"62",62,"ep","urc",0.0625720876585928,0.00411322381874013,3468,"train0.1","start","sduniform-0.2-0.5","giveup1000"
"63",63,"ep","prog_rrc",0.0467128027681661,0.00358387556544074,3468,"train0.1","start","sduniform-0.2-0.5","giveup1000"
"64",64,"ep","rrc",0.15282583621684,0.00611093720348138,3468,"train0.1","start","sduniform-0.2-0.5","giveup1000"
"65",65,"wd","amv",0.00215650030807147,0.000814326612541302,3246,"train0.1","start","sduniform-0.2-0.5","giveup1000"
"66",66,"wd","urc",0.0354282193468885,0.00324514859528566,3246,"train0.1","start","sduniform-0.2-0.5","giveup1000"
"67",67,"wd","prog_rrc",0.114910659272951,0.00559843142401248,3246,"train0.1","start","sduniform-0.2-0.5","giveup1000"
"68",68,"wd","rrc",0.150030807147258,0.00626880072856223,3246,"train0.1","start","sduniform-0.2-0.5","giveup1000"
"69",69,"wd2","amv",0.00281425891181989,0.00093691186053244,3198,"train0.1","start","sduniform-0.2-0.5","giveup1000"
"70",70,"wd2","urc",0.0350218886804253,0.00325130112756548,3198,"train0.1","start","sduniform-0.2-0.5","giveup1000"
"71",71,"wd2","prog_rrc",0.112883051907442,0.0055967188569899,3198,"train0.1","start","sduniform-0.2-0.5","giveup1000"
"72",72,"wd2","rrc",0.15978736710444,0.00648029095920418,3198,"train0.1","start","sduniform-0.2-0.5","giveup1000"
"73",73,"ep","amv",0.0519529768676526,0.00305626686127012,5274,"train0.1","start","sdnormal-0.35-1.0","giveup100"
"74",74,"ep","urc",0.130368390914297,0.00463687299406448,5274,"train0.1","start","sdnormal-0.35-1.0","giveup100"
"75",75,"ep","prog_rrc",0.119360365505425,0.00446478409889878,5274,"train0.1","start","sdnormal-0.35-1.0","giveup100"
"76",76,"ep","rrc",0.198027314112291,0.00548799196721763,5274,"train0.1","start","sdnormal-0.35-1.0","giveup100"
"77",77,"wd","amv",0.0132547864506627,0.0017919738869998,4074,"train0.1","start","sdnormal-0.35-1.0","giveup100"
"78",78,"wd","urc",0.0606585788561525,0.00374025411344806,4074,"train0.1","start","sdnormal-0.35-1.0","giveup100"
"79",79,"wd","prog_rrc",0.114854894244958,0.00499602829299912,4074,"train0.1","start","sdnormal-0.35-1.0","giveup100"
"80",80,"wd","rrc",0.140260378285434,0.00544118895931892,4074,"train0.1","start","sdnormal-0.35-1.0","giveup100"
"81",81,"wd2","amv",0.00652315720808871,0.00145409425098341,3066,"train0.1","start","sdnormal-0.35-1.0","giveup100"
"82",82,"wd2","urc",0.0428618529508737,0.00365854427521172,3066,"train0.1","start","sdnormal-0.35-1.0","giveup100"
"83",83,"wd2","prog_rrc",0.102656608724172,0.00548223876893792,3066,"train0.1","start","sdnormal-0.35-1.0","giveup100"
"84",84,"wd2","rrc",0.140104506858263,0.00626951206408723,3066,"train0.1","start","sdnormal-0.35-1.0","giveup100"
"85",85,"ep","amv",0.0494333724110981,0.00303035628838333,5118,"train0.1","start","sdnormal-0.35-1.0","giveup1000"
"86",86,"ep","urc",0.11591086786552,0.004475096583137,5118,"train0.1","start","sdnormal-0.35-1.0","giveup1000"
"87",87,"ep","prog_rrc",0.111762407190309,0.00440458240979526,5118,"train0.1","start","sdnormal-0.35-1.0","giveup1000"
"88",88,"ep","rrc",0.17116060961313,0.00526537606765803,5118,"train0.1","start","sdnormal-0.35-1.0","giveup1000"
"89",89,"wd","amv",0.0161290322580645,0.00201587086860604,3906,"train0.1","start","sdnormal-0.35-1.0","giveup1000"
"90",90,"wd","urc",0.051242633871381,0.00352844072647568,3906,"train0.1","start","sdnormal-0.35-1.0","giveup1000"
"91",91,"wd","prog_rrc",0.109318996415771,0.00499342341976114,3906,"train0.1","start","sdnormal-0.35-1.0","giveup1000"
"92",92,"wd","rrc",0.130824372759857,0.00539619433051791,3906,"train0.1","start","sdnormal-0.35-1.0","giveup1000"
"93",93,"wd2","amv",0.00951443569553806,0.00175864979470184,3048,"train0.1","start","sdnormal-0.35-1.0","giveup1000"
"94",94,"wd2","urc",0.044991789819376,0.00375520828826964,3048,"train0.1","start","sdnormal-0.35-1.0","giveup1000"
"95",95,"wd2","prog_rrc",0.0895669291338583,0.00517322809472469,3048,"train0.1","start","sdnormal-0.35-1.0","giveup1000"
"96",96,"wd2","rrc",0.126640419947507,0.00602485345881585,3048,"train0.1","start","sdnormal-0.35-1.0","giveup1000"
"97",97,"ep","amv",0.0617505995203837,0.00589538180970645,1668,"train1.0","start","sdnormal-0.35-1.0","giveup100"
"98",98,"ep","urc",0.111510791366906,0.00770933162515132,1668,"train1.0","start","sdnormal-0.35-1.0","giveup100"
"99",99,"ep","prog_rrc",0.0929256594724221,0.00711084917117748,1668,"train1.0","start","sdnormal-0.35-1.0","giveup100"
"100",100,"ep","rrc",0.108513189448441,0.00761782383955488,1668,"train1.0","start","sdnormal-0.35-1.0","giveup100"
"101",101,"wd","amv",0.0311355311355311,0.00743980243355613,546,"train1.0","start","sdnormal-0.35-1.0","giveup100"
"102",102,"wd","urc",0.0750915750915751,0.0112887725697624,546,"train1.0","start","sdnormal-0.35-1.0","giveup100"
"103",103,"wd","prog_rrc",0.0586080586080586,0.0100615677252788,546,"train1.0","start","sdnormal-0.35-1.0","giveup100"
"104",104,"wd","rrc",0.0586080586080586,0.0100615677252788,546,"train1.0","start","sdnormal-0.35-1.0","giveup100"
"105",105,"wd2","amv",0.027027027027027,0.0109082074702105,222,"train1.0","start","sdnormal-0.35-1.0","giveup100"
"106",106,"wd2","urc",0.027027027027027,0.0109082074702105,222,"train1.0","start","sdnormal-0.35-1.0","giveup100"
"107",107,"wd2","prog_rrc",0.0405405405405405,0.0132666705704041,222,"train1.0","start","sdnormal-0.35-1.0","giveup100"
"108",108,"wd2","rrc",0.0765765765765766,0.0178876084534169,222,"train1.0","start","sdnormal-0.35-1.0","giveup100"
"109",109,"ep","amv",0.0013745704467354,0.000686930739432812,2910,"train0.0","uncertainty1","sduniform-0.2-0.5","giveup100"
"110",110,"ep","urc",0.0271477663230241,0.00301313528134454,2910,"train0.0","uncertainty1","sduniform-0.2-0.5","giveup100"
"111",111,"ep","prog_rrc",0.0178694158075601,0.00245622379556096,2910,"train0.0","uncertainty1","sduniform-0.2-0.5","giveup100"
"112",112,"ep","rrc",0.302749140893471,0.00851851962193191,2910,"train0.0","uncertainty1","sduniform-0.2-0.5","giveup100"
"113",113,"wd","amv",0.0161744022503516,0.00193158427478503,4266,"train0.0","uncertainty1","sduniform-0.2-0.5","giveup100"
"114",114,"wd","urc",0.0417252695733708,0.00306185821382173,4266,"train0.0","uncertainty1","sduniform-0.2-0.5","giveup100"
"115",115,"wd","prog_rrc",0.214955461790905,0.00629016260992976,4266,"train0.0","uncertainty1","sduniform-0.2-0.5","giveup100"
"116",116,"wd","rrc",0.349742147210502,0.00730225964601967,4266,"train0.0","uncertainty1","sduniform-0.2-0.5","giveup100"
"117",117,"wd2","amv",0.0157367668097282,0.00192198925216896,4194,"train0.0","uncertainty1","sduniform-0.2-0.5","giveup100"
"118",118,"wd2","urc",0.0400572246065808,0.00302831235782583,4194,"train0.0","uncertainty1","sduniform-0.2-0.5","giveup100"
"119",119,"wd2","prog_rrc",0.231759656652361,0.00651635961032908,4194,"train0.0","uncertainty1","sduniform-0.2-0.5","giveup100"
"120",120,"wd2","rrc",0.340486409155937,0.00731811675888958,4194,"train0.0","uncertainty1","sduniform-0.2-0.5","giveup100"
"121",121,"ep","amv",0.000648508430609598,0.000458490333024391,3084,"train0.0","uncertainty1","sduniform-0.2-0.5","giveup1000"
"122",122,"ep","urc",0.0398832684824903,0.00352428180446961,3084,"train0.0","uncertainty1","sduniform-0.2-0.5","giveup1000"
"123",123,"ep","prog_rrc",0.0168612191958495,0.00231880986082056,3084,"train0.0","uncertainty1","sduniform-0.2-0.5","giveup1000"
"124",124,"ep","rrc",0.295071335927367,0.00821389854472791,3084,"train0.0","uncertainty1","sduniform-0.2-0.5","giveup1000"
"125",125,"wd","amv",0.0159598723210214,0.001892501846107,4386,"train0.0","uncertainty1","sduniform-0.2-0.5","giveup1000"
"126",126,"wd","urc",0.0437756497948016,0.00308966505732275,4386,"train0.0","uncertainty1","sduniform-0.2-0.5","giveup1000"
"127",127,"wd","prog_rrc",0.19858641130871,0.00602446264682174,4386,"train0.0","uncertainty1","sduniform-0.2-0.5","giveup1000"
"128",128,"wd","rrc",0.337437300501596,0.00714044431241809,4386,"train0.0","uncertainty1","sduniform-0.2-0.5","giveup1000"
"129",129,"wd2","amv",0.0175312199807877,0.00203405290006965,4164,"train0.0","uncertainty1","sduniform-0.2-0.5","giveup1000"
"130",130,"wd2","urc",0.0417867435158501,0.00310132404066946,4164,"train0.0","uncertainty1","sduniform-0.2-0.5","giveup1000"
"131",131,"wd2","prog_rrc",0.217579250720461,0.00639478153915782,4164,"train0.0","uncertainty1","sduniform-0.2-0.5","giveup1000"
"132",132,"wd2","rrc",0.33597502401537,0.00732052956250327,4164,"train0.0","uncertainty1","sduniform-0.2-0.5","giveup1000"
"133",133,"ep","amv",0.0712301587301587,0.00362337955288838,5040,"train0.0","uncertainty1","sdnormal-0.35-1.0","giveup100"
"134",134,"ep","urc",0.113095238095238,0.00446157783349368,5040,"train0.0","uncertainty1","sdnormal-0.35-1.0","giveup100"
"135",135,"ep","prog_rrc",0.105555555555556,0.00432857607039137,5040,"train0.0","uncertainty1","sdnormal-0.35-1.0","giveup100"
"136",136,"ep","rrc",0.274206349206349,0.00628453510426479,5040,"train0.0","uncertainty1","sdnormal-0.35-1.0","giveup100"
"137",137,"wd","amv",0.047669868374244,0.00284190101098547,5622,"train0.0","uncertainty1","sdnormal-0.35-1.0","giveup100"
"138",138,"wd","urc",0.0786197082888652,0.00358986718028341,5622,"train0.0","uncertainty1","sdnormal-0.35-1.0","giveup100"
"139",139,"wd","prog_rrc",0.168267520455354,0.00498982351716577,5622,"train0.0","uncertainty1","sdnormal-0.35-1.0","giveup100"
"140",140,"wd","rrc",0.239594450373533,0.00569317093452843,5622,"train0.0","uncertainty1","sdnormal-0.35-1.0","giveup100"
"141",141,"wd2","amv",0.0284043441938179,0.0024010624269465,4788,"train0.0","uncertainty1","sdnormal-0.35-1.0","giveup100"
"142",142,"wd2","urc",0.0543024227234754,0.00327532219059933,4788,"train0.0","uncertainty1","sdnormal-0.35-1.0","giveup100"
"143",143,"wd2","prog_rrc",0.152673350041771,0.00519846754404761,4788,"train0.0","uncertainty1","sdnormal-0.35-1.0","giveup100"
"144",144,"wd2","rrc",0.220551378446115,0.00599262250831677,4788,"train0.0","uncertainty1","sdnormal-0.35-1.0","giveup100"
"145",145,"ep","amv",0.0733413269384492,0.00368569189507535,5004,"train0.0","uncertainty1","sdnormal-0.35-1.0","giveup1000"
"146",146,"ep","urc",0.117106314948042,0.00454599664959659,5004,"train0.0","uncertainty1","sdnormal-0.35-1.0","giveup1000"
"147",147,"ep","prog_rrc",0.0959232613908873,0.00416341175774458,5004,"train0.0","uncertainty1","sdnormal-0.35-1.0","giveup1000"
"148",148,"ep","rrc",0.271382893685052,0.00628674238871919,5004,"train0.0","uncertainty1","sdnormal-0.35-1.0","giveup1000"
"149",149,"wd","amv",0.0479930191972077,0.00282403250557062,5730,"train0.0","uncertainty1","sdnormal-0.35-1.0","giveup1000"
"150",150,"wd","urc",0.0762652705061082,0.00350669207923684,5730,"train0.0","uncertainty1","sdnormal-0.35-1.0","giveup1000"
"151",151,"wd","prog_rrc",0.163525305410122,0.00488629267983606,5730,"train0.0","uncertainty1","sdnormal-0.35-1.0","giveup1000"
"152",152,"wd","rrc",0.22478184991274,0.00551509725745754,5730,"train0.0","uncertainty1","sdnormal-0.35-1.0","giveup1000"
"153",153,"wd2","amv",0.0246993127147766,0.00227484524166176,4656,"train0.0","uncertainty1","sdnormal-0.35-1.0","giveup1000"
"154",154,"wd2","urc",0.0584192439862543,0.00343753327235779,4656,"train0.0","uncertainty1","sdnormal-0.35-1.0","giveup1000"
"155",155,"wd2","prog_rrc",0.150773195876289,0.00524462057335325,4656,"train0.0","uncertainty1","sdnormal-0.35-1.0","giveup1000"
"156",156,"wd2","rrc",0.214347079037801,0.00601470465823845,4656,"train0.0","uncertainty1","sdnormal-0.35-1.0","giveup1000"
"157",157,"ep","amv",0,0,468,"train0.1","uncertainty1","sduniform-0.2-0.5","giveup100"
"158",158,"ep","urc",0,0,468,"train0.1","uncertainty1","sduniform-0.2-0.5","giveup100"
"159",159,"ep","prog_rrc",0.00427350427350427,0.00301858675993521,468,"train0.1","uncertainty1","sduniform-0.2-0.5","giveup100"
"160",160,"ep","rrc",0.179487179487179,0.0177582825557424,468,"train0.1","uncertainty1","sduniform-0.2-0.5","giveup100"
"161",161,"wd","amv",0.00847457627118644,0.00198946327452485,2124,"train0.1","uncertainty1","sduniform-0.2-0.5","giveup100"
"162",162,"wd","urc",0.0174199623352166,0.0028394392219879,2124,"train0.1","uncertainty1","sduniform-0.2-0.5","giveup100"
"163",163,"wd","prog_rrc",0.0941619585687382,0.00633852229418461,2124,"train0.1","uncertainty1","sduniform-0.2-0.5","giveup100"
"164",164,"wd","rrc",0.141713747645951,0.00756914931631215,2124,"train0.1","uncertainty1","sduniform-0.2-0.5","giveup100"
"165",165,"wd2","amv",0.00678294573643411,0.00180709773443461,2064,"train0.1","uncertainty1","sduniform-0.2-0.5","giveup100"
"166",166,"wd2","urc",0.0218023255813953,0.00321525268384289,2064,"train0.1","uncertainty1","sduniform-0.2-0.5","giveup100"
"167",167,"wd2","prog_rrc",0.103197674418605,0.00669782358111936,2064,"train0.1","uncertainty1","sduniform-0.2-0.5","giveup100"
"168",168,"wd2","rrc",0.127906976744186,0.00735324284526354,2064,"train0.1","uncertainty1","sduniform-0.2-0.5","giveup100"
"169",169,"ep","amv",0.00222222222222222,0.00222222222222222,450,"train0.1","uncertainty1","sduniform-0.2-0.5","giveup1000"
"170",170,"ep","urc",0,0,450,"train0.1","uncertainty1","sduniform-0.2-0.5","giveup1000"
"171",171,"ep","prog_rrc",0.00888888888888889,0.00442957174982883,450,"train0.1","uncertainty1","sduniform-0.2-0.5","giveup1000"
"172",172,"ep","rrc",0.173333333333333,0.0178641800394826,450,"train0.1","uncertainty1","sduniform-0.2-0.5","giveup1000"
"173",173,"wd","amv",0.00630630630630631,0.00168048695799402,2220,"train0.1","uncertainty1","sduniform-0.2-0.5","giveup1000"
"174",174,"wd","urc",0.0234234234234234,0.00321069968315444,2220,"train0.1","uncertainty1","sduniform-0.2-0.5","giveup1000"
"175",175,"wd","prog_rrc",0.118018018018018,0.00684897157574686,2220,"train0.1","uncertainty1","sduniform-0.2-0.5","giveup1000"
"176",176,"wd","rrc",0.128828828828829,0.00711180149159131,2220,"train0.1","uncertainty1","sduniform-0.2-0.5","giveup1000"
"177",177,"wd2","amv",0.00200803212851406,0.00100325936318413,1992,"train0.1","uncertainty1","sduniform-0.2-0.5","giveup1000"
"178",178,"wd2","urc",0.0271084337349398,0.00363955931973605,1992,"train0.1","uncertainty1","sduniform-0.2-0.5","giveup1000"
"179",179,"wd2","prog_rrc",0.100401606425703,0.00673533244096585,1992,"train0.1","uncertainty1","sduniform-0.2-0.5","giveup1000"
"180",180,"wd2","rrc",0.122991967871486,0.00736045277466058,1992,"train0.1","uncertainty1","sduniform-0.2-0.5","giveup1000"
"181",181,"ep","amv",0.0537225042301184,0.00463826459155023,2364,"train0.1","uncertainty1","sdnormal-0.35-1.0","giveup100"
"182",182,"ep","urc",0.071912013536379,0.00531451257844743,2364,"train0.1","uncertainty1","sdnormal-0.35-1.0","giveup100"
"183",183,"ep","prog_rrc",0.0566835871404399,0.00475691616629669,2364,"train0.1","uncertainty1","sdnormal-0.35-1.0","giveup100"
"184",184,"ep","rrc",0.166666666666667,0.007666583868008,2364,"train0.1","uncertainty1","sdnormal-0.35-1.0","giveup100"
"185",185,"wd","amv",0.0342105263157895,0.00310864809082882,3420,"train0.1","uncertainty1","sdnormal-0.35-1.0","giveup100"
"186",186,"wd","urc",0.0491228070175439,0.00369618970340576,3420,"train0.1","uncertainty1","sdnormal-0.35-1.0","giveup100"
"187",187,"wd","prog_rrc",0.0871345029239766,0.0048233516423601,3420,"train0.1","uncertainty1","sdnormal-0.35-1.0","giveup100"
"188",188,"wd","rrc",0.11140350877193,0.00538086605577194,3420,"train0.1","uncertainty1","sdnormal-0.35-1.0","giveup100"
"189",189,"wd2","amv",0.0173453996983409,0.00253564083918663,2652,"train0.1","uncertainty1","sdnormal-0.35-1.0","giveup100"
"190",190,"wd2","urc",0.0305429864253394,0.00334206709241907,2652,"train0.1","uncertainty1","sdnormal-0.35-1.0","giveup100"
"191",191,"wd2","prog_rrc",0.0916289592760181,0.00560329068516496,2652,"train0.1","uncertainty1","sdnormal-0.35-1.0","giveup100"
"192",192,"wd2","rrc",0.0942684766214178,0.00567516015879286,2652,"train0.1","uncertainty1","sdnormal-0.35-1.0","giveup100"
"193",193,"ep","amv",0.0561181434599156,0.00472854946110671,2370,"train0.1","uncertainty1","sdnormal-0.35-1.0","giveup1000"
"194",194,"ep","urc",0.0666666666666667,0.00512495703004656,2370,"train0.1","uncertainty1","sdnormal-0.35-1.0","giveup1000"
"195",195,"ep","prog_rrc",0.0590717299578059,0.00484379297484052,2370,"train0.1","uncertainty1","sdnormal-0.35-1.0","giveup1000"
"196",196,"ep","rrc",0.161181434599156,0.00755455687417182,2370,"train0.1","uncertainty1","sdnormal-0.35-1.0","giveup1000"
"197",197,"wd","amv",0.0279202279202279,0.00278111372609163,3510,"train0.1","uncertainty1","sdnormal-0.35-1.0","giveup1000"
"198",198,"wd","urc",0.0478632478632479,0.00360378657478649,3510,"train0.1","uncertainty1","sdnormal-0.35-1.0","giveup1000"
"199",199,"wd","prog_rrc",0.0925925925925926,0.00489325217993417,3510,"train0.1","uncertainty1","sdnormal-0.35-1.0","giveup1000"
"200",200,"wd","rrc",0.115954415954416,0.00540492026918964,3510,"train0.1","uncertainty1","sdnormal-0.35-1.0","giveup1000"
"201",201,"wd2","amv",0.0177832919768404,0.00268826088541381,2418,"train0.1","uncertainty1","sdnormal-0.35-1.0","giveup1000"
"202",202,"wd2","urc",0.0392886683209264,0.00395177114534036,2418,"train0.1","uncertainty1","sdnormal-0.35-1.0","giveup1000"
"203",203,"wd2","prog_rrc",0.0839536807278743,0.00564079429598912,2418,"train0.1","uncertainty1","sdnormal-0.35-1.0","giveup1000"
"204",204,"wd2","rrc",0.0909842845326716,0.00584965917061765,2418,"train0.1","uncertainty1","sdnormal-0.35-1.0","giveup1000"
"205",205,"ep","amv",0.0567375886524823,0.0097498403399401,564,"train1.0","uncertainty1","sdnormal-0.35-1.0","giveup100"
"206",206,"ep","urc",0.0833333333333333,0.011648255793694,564,"train1.0","uncertainty1","sdnormal-0.35-1.0","giveup100"
"207",207,"ep","prog_rrc",0.0638297872340425,0.0103023170319506,564,"train1.0","uncertainty1","sdnormal-0.35-1.0","giveup100"
"208",208,"ep","rrc",0.0921985815602837,0.012192797215594,564,"train1.0","uncertainty1","sdnormal-0.35-1.0","giveup100"
"209",209,"wd","amv",0.0473484848484848,0.00925155567522761,528,"train1.0","uncertainty1","sdnormal-0.35-1.0","giveup100"
"210",210,"wd","urc",0.0435606060606061,0.00889140467834825,528,"train1.0","uncertainty1","sdnormal-0.35-1.0","giveup100"
"211",211,"wd","prog_rrc",0.071969696969697,0.0112577242879637,528,"train1.0","uncertainty1","sdnormal-0.35-1.0","giveup100"
"212",212,"wd","rrc",0.0643939393939394,0.0106921170099382,528,"train1.0","uncertainty1","sdnormal-0.35-1.0","giveup100"
"213",213,"wd2","amv",0.0272108843537415,0.00950488506095372,294,"train1.0","uncertainty1","sdnormal-0.35-1.0","giveup100"
"214",214,"wd2","urc",0.0612244897959184,0.0140058558749153,294,"train1.0","uncertainty1","sdnormal-0.35-1.0","giveup100"
"215",215,"wd2","prog_rrc",0.0476190476190476,0.0124411891493611,294,"train1.0","uncertainty1","sdnormal-0.35-1.0","giveup100"
"216",216,"wd2","rrc",0.0510204081632653,0.01285483748656,294,"train1.0","uncertainty1","sdnormal-0.35-1.0","giveup100"
"217",217,"ep","amv",0.0735735735735736,0.0101240800451044,666,"train1.0","uncertainty1","sdnormal-0.35-1.0","giveup1000"
"218",218,"ep","urc",0.0660660660660661,0.00963244368784105,666,"train1.0","uncertainty1","sdnormal-0.35-1.0","giveup1000"
"219",219,"ep","prog_rrc",0.0660660660660661,0.00963244368784105,666,"train1.0","uncertainty1","sdnormal-0.35-1.0","giveup1000"
"220",220,"ep","rrc",0.0765765765765766,0.01031187391329,666,"train1.0","uncertainty1","sdnormal-0.35-1.0","giveup1000"
"221",221,"wd","amv",0.0416666666666667,0.00890981494181148,504,"train1.0","uncertainty1","sdnormal-0.35-1.0","giveup1000"
"222",222,"wd","urc",0.0456349206349206,0.00930511890734617,504,"train1.0","uncertainty1","sdnormal-0.35-1.0","giveup1000"
"223",223,"wd","prog_rrc",0.0714285714285714,0.011483113248818,504,"train1.0","uncertainty1","sdnormal-0.35-1.0","giveup1000"
"224",224,"wd","rrc",0.0654761904761905,0.0110294255762744,504,"train1.0","uncertainty1","sdnormal-0.35-1.0","giveup1000"
"225",225,"wd2","amv",0.0555555555555556,0.0144582288570607,252,"train1.0","uncertainty1","sdnormal-0.35-1.0","giveup1000"
"226",226,"wd2","urc",0.0436507936507936,0.0128963693375089,252,"train1.0","uncertainty1","sdnormal-0.35-1.0","giveup1000"
"227",227,"wd2","prog_rrc",0.0555555555555556,0.0144582288570607,252,"train1.0","uncertainty1","sdnormal-0.35-1.0","giveup1000"
"228",228,"wd2","rrc",0.0317460317460317,0.011066301673402,252,"train1.0","uncertainty1","sdnormal-0.35-1.0","giveup1000"
"229",229,"ep","amv",0.00204918032786885,0.000835859528040386,2928,"train0.0","uncertainty10","sduniform-0.2-0.5","giveup100"
"230",230,"ep","urc",0.0286885245901639,0.00308547481211486,2928,"train0.0","uncertainty10","sduniform-0.2-0.5","giveup100"
"231",231,"ep","prog_rrc",0.0170765027322404,0.00239468262636123,2928,"train0.0","uncertainty10","sduniform-0.2-0.5","giveup100"
"232",232,"ep","rrc",0.293374316939891,0.00841578038250244,2928,"train0.0","uncertainty10","sduniform-0.2-0.5","giveup100"
"233",233,"wd","amv",0.0164383561643836,0.00192150939583968,4380,"train0.0","uncertainty10","sduniform-0.2-0.5","giveup100"
"234",234,"wd","urc",0.0449771689497717,0.00313195463071682,4380,"train0.0","uncertainty10","sduniform-0.2-0.5","giveup100"
"235",235,"wd","prog_rrc",0.23972602739726,0.00645141802366003,4380,"train0.0","uncertainty10","sduniform-0.2-0.5","giveup100"
"236",236,"wd","rrc",0.337214611872146,0.00714417661554212,4380,"train0.0","uncertainty10","sduniform-0.2-0.5","giveup100"
"237",237,"wd2","amv",0.0197495183044316,0.00215958558169112,4152,"train0.0","uncertainty10","sduniform-0.2-0.5","giveup100"
"238",238,"wd2","urc",0.0404624277456647,0.00305830358779537,4152,"train0.0","uncertainty10","sduniform-0.2-0.5","giveup100"
"239",239,"wd2","prog_rrc",0.236030828516378,0.00659091810897482,4152,"train0.0","uncertainty10","sduniform-0.2-0.5","giveup100"
"240",240,"wd2","rrc",0.345134874759152,0.00737894014374271,4152,"train0.0","uncertainty10","sduniform-0.2-0.5","giveup100"
"241",241,"ep","amv",0.00223499361430396,0.000843938391267694,3132,"train0.0","uncertainty10","sduniform-0.2-0.5","giveup1000"
"242",242,"ep","urc",0.037037037037037,0.0033750590528945,3132,"train0.0","uncertainty10","sduniform-0.2-0.5","giveup1000"
"243",243,"ep","prog_rrc",0.0194763729246488,0.0024696848552085,3132,"train0.0","uncertainty10","sduniform-0.2-0.5","giveup1000"
"244",244,"ep","rrc",0.284802043422733,0.00806572014265709,3132,"train0.0","uncertainty10","sduniform-0.2-0.5","giveup1000"
"245",245,"wd","amv",0.0120673952641166,0.00164774009579414,4392,"train0.0","uncertainty10","sduniform-0.2-0.5","giveup1000"
"246",246,"wd","urc",0.0471311475409836,0.00319807654247039,4392,"train0.0","uncertainty10","sduniform-0.2-0.5","giveup1000"
"247",247,"wd","prog_rrc",0.225865209471767,0.00631031798723224,4392,"train0.0","uncertainty10","sduniform-0.2-0.5","giveup1000"
"248",248,"wd","rrc",0.324681238615665,0.00706644993064641,4392,"train0.0","uncertainty10","sduniform-0.2-0.5","giveup1000"
"249",249,"wd2","amv",0.0174927113702624,0.00204367360480084,4116,"train0.0","uncertainty10","sduniform-0.2-0.5","giveup1000"
"250",250,"wd2","urc",0.0410592808551992,0.00309326145325453,4116,"train0.0","uncertainty10","sduniform-0.2-0.5","giveup1000"
"251",251,"wd2","prog_rrc",0.233722060252673,0.00659717636870763,4116,"train0.0","uncertainty10","sduniform-0.2-0.5","giveup1000"
"252",252,"wd2","rrc",0.326287657920311,0.00730891069219523,4116,"train0.0","uncertainty10","sduniform-0.2-0.5","giveup1000"
"253",253,"ep","amv",0.0709766706207987,0.0036109763578221,5058,"train0.0","uncertainty10","sdnormal-0.35-1.0","giveup100"
"254",254,"ep","urc",0.099644128113879,0.00421198173802078,5058,"train0.0","uncertainty10","sdnormal-0.35-1.0","giveup100"
"255",255,"ep","prog_rrc",0.0907473309608541,0.0040393617225051,5058,"train0.0","uncertainty10","sdnormal-0.35-1.0","giveup100"
"256",256,"ep","rrc",0.279754843811783,0.00631222547631482,5058,"train0.0","uncertainty10","sdnormal-0.35-1.0","giveup100"
"257",257,"wd","amv",0.0421455938697318,0.00265174687757282,5742,"train0.0","uncertainty10","sdnormal-0.35-1.0","giveup100"
"258",258,"wd","urc",0.0822013235806339,0.00362509460819249,5742,"train0.0","uncertainty10","sdnormal-0.35-1.0","giveup100"
"259",259,"wd","prog_rrc",0.182514803204458,0.005097945899849,5742,"train0.0","uncertainty10","sdnormal-0.35-1.0","giveup100"
"260",260,"wd","rrc",0.236502960640892,0.00560826073240208,5742,"train0.0","uncertainty10","sdnormal-0.35-1.0","giveup100"
"261",261,"wd2","amv",0.0287573467674223,0.00242157536457998,4764,"train0.0","uncertainty10","sdnormal-0.35-1.0","giveup100"
"262",262,"wd2","urc",0.0594038623005877,0.00342506364602039,4764,"train0.0","uncertainty10","sdnormal-0.35-1.0","giveup100"
"263",263,"wd2","prog_rrc",0.159319899244332,0.00530285930479465,4764,"train0.0","uncertainty10","sdnormal-0.35-1.0","giveup100"
"264",264,"wd2","rrc",0.220822837951301,0.00601035065262824,4764,"train0.0","uncertainty10","sdnormal-0.35-1.0","giveup100"
"265",265,"ep","amv",0.0713725490196078,0.00360532032246569,5100,"train0.0","uncertainty10","sdnormal-0.35-1.0","giveup1000"
"266",266,"ep","urc",0.116666666666667,0.00449565730521289,5100,"train0.0","uncertainty10","sdnormal-0.35-1.0","giveup1000"
"267",267,"ep","prog_rrc",0.101960784313725,0.00423761725908419,5100,"train0.0","uncertainty10","sdnormal-0.35-1.0","giveup1000"
"268",268,"ep","rrc",0.272352941176471,0.00623424575102181,5100,"train0.0","uncertainty10","sdnormal-0.35-1.0","giveup1000"
"269",269,"wd","amv",0.0425494350282486,0.00268214219230048,5664,"train0.0","uncertainty10","sdnormal-0.35-1.0","giveup1000"
"270",270,"wd","urc",0.0843926553672316,0.00369388762309871,5664,"train0.0","uncertainty10","sdnormal-0.35-1.0","giveup1000"
"271",271,"wd","prog_rrc",0.180790960451977,0.00511402024683944,5664,"train0.0","uncertainty10","sdnormal-0.35-1.0","giveup1000"
"272",272,"wd","rrc",0.240289548022599,0.00567764468327434,5664,"train0.0","uncertainty10","sdnormal-0.35-1.0","giveup1000"
"273",273,"wd2","amv",0.0280946345585129,0.00240190281581121,4734,"train0.0","uncertainty10","sdnormal-0.35-1.0","giveup1000"
"274",274,"wd2","urc",0.0547106041402619,0.00330559692650793,4734,"train0.0","uncertainty10","sdnormal-0.35-1.0","giveup1000"
"275",275,"wd2","prog_rrc",0.162864385297845,0.00536713747283537,4734,"train0.0","uncertainty10","sdnormal-0.35-1.0","giveup1000"
"276",276,"wd2","rrc",0.208702999577524,0.00590698479543663,4734,"train0.0","uncertainty10","sdnormal-0.35-1.0","giveup1000"
"277",277,"ep","amv",0.00177304964539007,0.00177304964539007,564,"train0.1","uncertainty10","sduniform-0.2-0.5","giveup100"
"278",278,"ep","urc",0.00354609929078014,0.0025052429820148,564,"train0.1","uncertainty10","sduniform-0.2-0.5","giveup100"
"279",279,"ep","prog_rrc",0.00177304964539007,0.00177304964539007,564,"train0.1","uncertainty10","sduniform-0.2-0.5","giveup100"
"280",280,"ep","rrc",0.173758865248227,0.0159688151910916,564,"train0.1","uncertainty10","sduniform-0.2-0.5","giveup100"
"281",281,"wd","amv",0.00995670995670996,0.00206620331487304,2310,"train0.1","uncertainty10","sduniform-0.2-0.5","giveup100"
"282",282,"wd","urc",0.0177489177489178,0.00274780070075343,2310,"train0.1","uncertainty10","sduniform-0.2-0.5","giveup100"
"283",283,"wd","prog_rrc",0.0974025974025974,0.00617049979696963,2310,"train0.1","uncertainty10","sduniform-0.2-0.5","giveup100"
"284",284,"wd","rrc",0.138528138528139,0.00718915059346729,2310,"train0.1","uncertainty10","sduniform-0.2-0.5","giveup100"
"285",285,"wd2","amv",0.00845070422535211,0.00198388171810152,2130,"train0.1","uncertainty10","sduniform-0.2-0.5","giveup100"
"286",286,"wd2","urc",0.0211267605633803,0.00311667740422844,2130,"train0.1","uncertainty10","sduniform-0.2-0.5","giveup100"
"287",287,"wd2","prog_rrc",0.112206572769953,0.00684033357094184,2130,"train0.1","uncertainty10","sduniform-0.2-0.5","giveup100"
"288",288,"wd2","rrc",0.127230046948357,0.00722199038952657,2130,"train0.1","uncertainty10","sduniform-0.2-0.5","giveup100"
"289",289,"ep","amv",0.00171821305841924,0.00171821305841924,582,"train0.1","uncertainty10","sduniform-0.2-0.5","giveup1000"
"290",290,"ep","urc",0.00515463917525773,0.00297090564094845,582,"train0.1","uncertainty10","sduniform-0.2-0.5","giveup1000"
"291",291,"ep","prog_rrc",0.00343642611683849,0.00242782815631492,582,"train0.1","uncertainty10","sduniform-0.2-0.5","giveup1000"
"292",292,"ep","rrc",0.18213058419244,0.0160119917676911,582,"train0.1","uncertainty10","sduniform-0.2-0.5","giveup1000"
"293",293,"wd","amv",0.00789229340761374,0.00190703651110983,2154,"train0.1","uncertainty10","sduniform-0.2-0.5","giveup1000"
"294",294,"wd","urc",0.0194986072423398,0.00297991508200072,2154,"train0.1","uncertainty10","sduniform-0.2-0.5","giveup1000"
"295",295,"wd","prog_rrc",0.118384401114206,0.00696249439738695,2154,"train0.1","uncertainty10","sduniform-0.2-0.5","giveup1000"
"296",296,"wd","rrc",0.127205199628598,0.00718102588440259,2154,"train0.1","uncertainty10","sduniform-0.2-0.5","giveup1000"
"297",297,"wd2","amv",0.0048030739673391,0.00151557736412955,2082,"train0.1","uncertainty10","sduniform-0.2-0.5","giveup1000"
"298",298,"wd2","urc",0.026416906820365,0.00351553522476777,2082,"train0.1","uncertainty10","sduniform-0.2-0.5","giveup1000"
"299",299,"wd2","prog_rrc",0.0960614793467819,0.00645963593862919,2082,"train0.1","uncertainty10","sduniform-0.2-0.5","giveup1000"
"300",300,"wd2","rrc",0.122958693563881,0.0071986921913102,2082,"train0.1","uncertainty10","sduniform-0.2-0.5","giveup1000"
"301",301,"ep","amv",0.0515222482435597,0.00436823694615598,2562,"train0.1","uncertainty10","sdnormal-0.35-1.0","giveup100"
"302",302,"ep","urc",0.0636221701795472,0.00482308606316161,2562,"train0.1","uncertainty10","sdnormal-0.35-1.0","giveup100"
"303",303,"ep","prog_rrc",0.0597189695550351,0.00468252603520898,2562,"train0.1","uncertainty10","sdnormal-0.35-1.0","giveup100"
"304",304,"ep","rrc",0.165105386416862,0.00733654627750152,2562,"train0.1","uncertainty10","sdnormal-0.35-1.0","giveup100"
"305",305,"wd","amv",0.0290360046457607,0.00286155093227625,3444,"train0.1","uncertainty10","sdnormal-0.35-1.0","giveup100"
"306",306,"wd","urc",0.0450058072009292,0.00353318299627059,3444,"train0.1","uncertainty10","sdnormal-0.35-1.0","giveup100"
"307",307,"wd","prog_rrc",0.0969802555168409,0.00504338095123926,3444,"train0.1","uncertainty10","sdnormal-0.35-1.0","giveup100"
"308",308,"wd","rrc",0.115563298490128,0.00544847335526681,3444,"train0.1","uncertainty10","sdnormal-0.35-1.0","giveup100"
"309",309,"wd2","amv",0.0115629984051037,0.00213517051320442,2508,"train0.1","uncertainty10","sdnormal-0.35-1.0","giveup100"
"310",310,"wd2","urc",0.0462519936204147,0.00419473841349128,2508,"train0.1","uncertainty10","sdnormal-0.35-1.0","giveup100"
"311",311,"wd2","prog_rrc",0.076555023923445,0.00531025275275814,2508,"train0.1","uncertainty10","sdnormal-0.35-1.0","giveup100"
"312",312,"wd2","rrc",0.0976874003189793,0.00592953476960246,2508,"train0.1","uncertainty10","sdnormal-0.35-1.0","giveup100"
"313",313,"ep","amv",0.0463378176382661,0.00406446300874467,2676,"train0.1","uncertainty10","sdnormal-0.35-1.0","giveup1000"
"314",314,"ep","urc",0.0639013452914798,0.00472883235716944,2676,"train0.1","uncertainty10","sdnormal-0.35-1.0","giveup1000"
"315",315,"ep","prog_rrc",0.0631539611360239,0.00470297334181016,2676,"train0.1","uncertainty10","sdnormal-0.35-1.0","giveup1000"
"316",316,"ep","rrc",0.162556053811659,0.00713374456155201,2676,"train0.1","uncertainty10","sdnormal-0.35-1.0","giveup1000"
"317",317,"wd","amv",0.0251103752759382,0.00259938230891909,3624,"train0.1","uncertainty10","sdnormal-0.35-1.0","giveup1000"
"318",318,"wd","urc",0.048841059602649,0.00358084002204324,3624,"train0.1","uncertainty10","sdnormal-0.35-1.0","giveup1000"
"319",319,"wd","prog_rrc",0.091887417218543,0.00479914312250726,3624,"train0.1","uncertainty10","sdnormal-0.35-1.0","giveup1000"
"320",320,"wd","rrc",0.11037527593819,0.00520601189659094,3624,"train0.1","uncertainty10","sdnormal-0.35-1.0","giveup1000"
"321",321,"wd2","amv",0.0116086235489221,0.00218150509957454,2412,"train0.1","uncertainty10","sdnormal-0.35-1.0","giveup1000"
"322",322,"wd2","urc",0.041044776119403,0.00404044784368834,2412,"train0.1","uncertainty10","sdnormal-0.35-1.0","giveup1000"
"323",323,"wd2","prog_rrc",0.0779436152570481,0.00545972046273381,2412,"train0.1","uncertainty10","sdnormal-0.35-1.0","giveup1000"
"324",324,"wd2","rrc",0.101990049751244,0.00616340733729199,2412,"train0.1","uncertainty10","sdnormal-0.35-1.0","giveup1000"
"325",325,"ep","amv",0.056,0.0084011570186693,750,"train1.0","uncertainty10","sdnormal-0.35-1.0","giveup100"
"326",326,"ep","urc",0.0426666666666667,0.00738473710336014,750,"train1.0","uncertainty10","sdnormal-0.35-1.0","giveup100"
"327",327,"ep","prog_rrc",0.0586666666666667,0.00858670448097775,750,"train1.0","uncertainty10","sdnormal-0.35-1.0","giveup100"
"328",328,"ep","rrc",0.110666666666667,0.0114630395521915,750,"train1.0","uncertainty10","sdnormal-0.35-1.0","giveup100"
"329",329,"wd","amv",0.0261044176706827,0.00715212355356557,498,"train1.0","uncertainty10","sdnormal-0.35-1.0","giveup100"
"330",330,"wd","urc",0.0461847389558233,0.00941462846113316,498,"train1.0","uncertainty10","sdnormal-0.35-1.0","giveup100"
"331",331,"wd","prog_rrc",0.0562248995983936,0.0103328567248202,498,"train1.0","uncertainty10","sdnormal-0.35-1.0","giveup100"
"332",332,"wd","rrc",0.0622489959839357,0.0108375658692196,498,"train1.0","uncertainty10","sdnormal-0.35-1.0","giveup100"
"333",333,"wd2","amv",0.037037037037037,0.0128796386856288,216,"train1.0","uncertainty10","sdnormal-0.35-1.0","giveup100"
"334",334,"wd2","urc",0.0324074074074074,0.0120767251360542,216,"train1.0","uncertainty10","sdnormal-0.35-1.0","giveup100"
"335",335,"wd2","prog_rrc",0.0324074074074074,0.0120767251360542,216,"train1.0","uncertainty10","sdnormal-0.35-1.0","giveup100"
"336",336,"wd2","rrc",0.0740740740740741,0.0178608452655708,216,"train1.0","uncertainty10","sdnormal-0.35-1.0","giveup100"
"337",337,"ep","amv",0.0674603174603175,0.00912818377940306,756,"train1.0","uncertainty10","sdnormal-0.35-1.0","giveup1000"
"338",338,"ep","urc",0.0595238095238095,0.00861084528110199,756,"train1.0","uncertainty10","sdnormal-0.35-1.0","giveup1000"
"339",339,"ep","prog_rrc",0.0529100529100529,0.008146878426378,756,"train1.0","uncertainty10","sdnormal-0.35-1.0","giveup1000"
"340",340,"ep","rrc",0.107142857142857,0.0112563898148446,756,"train1.0","uncertainty10","sdnormal-0.35-1.0","giveup1000"
"341",341,"wd","amv",0.014957264957265,0.00561688056534586,468,"train1.0","uncertainty10","sdnormal-0.35-1.0","giveup1000"
"342",342,"wd","urc",0.0683760683760684,0.011679222720747,468,"train1.0","uncertainty10","sdnormal-0.35-1.0","giveup1000"
"343",343,"wd","prog_rrc",0.0512820512820513,0.0102068753855265,468,"train1.0","uncertainty10","sdnormal-0.35-1.0","giveup1000"
"344",344,"wd","rrc",0.0641025641025641,0.011334265700431,468,"train1.0","uncertainty10","sdnormal-0.35-1.0","giveup1000"
"345",345,"wd2","amv",0.0172413793103448,0.00989660832595443,174,"train1.0","uncertainty10","sdnormal-0.35-1.0","giveup1000"
"346",346,"wd2","urc",0.0747126436781609,0.0199899779156481,174,"train1.0","uncertainty10","sdnormal-0.35-1.0","giveup1000"
"347",347,"wd2","prog_rrc",0.0344827586206897,0.0138726032619536,174,"train1.0","uncertainty10","sdnormal-0.35-1.0","giveup1000"
"348",348,"wd2","rrc",0.0574712643678161,0.0176949615865044,174,"train1.0","uncertainty10","sdnormal-0.35-1.0","giveup1000"
